pred_probs_arrivals,mean_p_arrivals,capacity_arrivals,trial,date
80.0,88.0,67.0,0,2016-10-31
101.0,97.0,67.0,0,2016-11-04
96.0,96.0,78.0,0,2016-11-07
92.0,92.0,72.0,0,2016-11-14
66.0,66.0,40.0,0,2016-11-13
91.0,94.0,72.0,0,2016-11-10
90.0,96.0,73.0,0,2016-10-30
88.0,90.0,64.0,0,2016-11-15
76.0,52.0,41.0,0,2016-11-21
104.0,101.0,85.0,0,2016-11-03
91.0,93.0,74.0,0,2016-11-11
78.0,86.0,67.0,0,2016-11-16
89.0,70.0,57.0,0,2016-11-09
90.0,86.0,72.0,0,2016-11-12
92.0,93.0,68.0,0,2016-11-19
86.0,105.0,78.0,0,2016-11-28
75.0,76.0,59.0,0,2016-11-30
90.0,76.0,56.0,0,2016-11-24
94.0,93.0,66.0,0,2016-11-17
78.0,48.0,36.0,0,2016-12-02
87.0,78.0,57.0,0,2016-12-05
74.0,54.0,50.0,0,2016-11-02
80.0,76.0,71.0,0,2016-11-22
87.0,89.0,67.0,0,2016-12-06
89.0,59.0,46.0,0,2016-12-07
78.0,67.0,38.0,0,2016-12-12
83.0,62.0,61.0,0,2016-12-14
82.0,93.0,65.0,0,2016-11-01
90.0,93.0,75.0,0,2016-11-23
94.0,99.0,80.0,0,2016-12-01
92.0,76.0,60.0,0,2016-11-08
85.0,98.0,79.0,0,2016-11-29
89.0,65.0,44.0,0,2016-12-13
99.0,93.0,76.0,0,2016-12-03
86.0,83.0,71.0,0,2016-12-19
98.0,75.0,60.0,0,2016-12-16
76.0,47.0,43.0,0,2016-12-21
78.0,86.0,67.0,0,2016-12-15
98.0,85.0,67.0,0,2016-12-20
81.0,82.0,69.0,0,2016-12-11
93.0,86.0,63.0,0,2016-12-18
71.0,49.0,31.0,0,2016-12-09
79.0,81.0,61.0,0,2016-12-10
96.0,90.0,74.0,0,2016-12-28
84.0,75.0,57.0,0,2016-11-06
89.0,78.0,64.0,0,2016-11-27
100.0,88.0,67.0,0,2016-11-18
82.0,94.0,67.0,0,2016-11-20
101.0,85.0,70.0,0,2016-12-29
95.0,87.0,66.0,0,2017-01-01
77.0,68.0,65.0,0,2016-12-26
87.0,97.0,72.0,0,2017-01-04
88.0,90.0,60.0,0,2016-12-23
97.0,96.0,84.0,0,2016-11-26
90.0,77.0,58.0,0,2017-01-10
88.0,78.0,68.0,0,2017-01-11
81.0,87.0,68.0,0,2017-01-09
77.0,77.0,67.0,0,2017-01-06
92.0,91.0,66.0,0,2017-01-03
78.0,62.0,56.0,0,2016-12-27
99.0,88.0,72.0,0,2016-12-30
100.0,87.0,72.0,0,2017-01-16
80.0,89.0,66.0,0,2017-01-12
89.0,100.0,67.0,0,2017-01-17
90.0,88.0,63.0,0,2016-12-04
94.0,95.0,61.0,0,2017-01-07
87.0,75.0,74.0,0,2017-01-15
86.0,57.0,47.0,0,2017-01-18
101.0,110.0,79.0,0,2017-01-25
72.0,69.0,56.0,0,2016-12-31
98.0,97.0,72.0,0,2017-01-26
96.0,87.0,61.0,0,2017-01-19
96.0,75.0,54.0,0,2017-01-24
81.0,79.0,58.0,0,2017-01-23
88.0,83.0,79.0,0,2017-01-13
79.0,78.0,56.0,0,2016-12-25
96.0,106.0,67.0,0,2017-01-21
92.0,86.0,71.0,0,2017-02-01
73.0,48.0,44.0,0,2017-02-02
86.0,78.0,57.0,0,2017-01-31
79.0,90.0,62.0,0,2017-02-04
78.0,76.0,48.0,0,2017-02-03
77.0,72.0,54.0,0,2017-02-06
87.0,85.0,74.0,0,2017-01-02
82.0,88.0,71.0,0,2016-11-05
89.0,76.0,68.0,0,2017-01-28
89.0,83.0,73.0,0,2017-01-08
94.0,100.0,76.0,0,2017-01-22
88.0,92.0,69.0,0,2016-12-17
56.0,13.0,16.0,0,2016-11-25
83.0,93.0,72.0,0,2017-01-27
90.0,97.0,63.0,0,2017-02-11
96.0,58.0,65.0,0,2017-02-10
96.0,64.0,53.0,0,2017-01-20
85.0,91.0,69.0,0,2017-02-12
92.0,90.0,83.0,0,2017-01-14
85.0,79.0,69.0,0,2017-02-13
91.0,89.0,72.0,0,2016-12-22
87.0,98.0,69.0,0,2017-02-17
74.0,68.0,55.0,0,2016-12-08
93.0,93.0,69.0,0,2017-02-14
101.0,95.0,79.0,0,2017-02-19
89.0,92.0,77.0,0,2017-02-20
90.0,63.0,48.0,0,2017-02-15
90.0,101.0,72.0,0,2017-02-18
94.0,89.0,67.0,0,2017-02-22
93.0,98.0,84.0,0,2017-02-23
102.0,92.0,72.0,0,2017-01-30
89.0,95.0,68.0,0,2017-02-07
100.0,105.0,81.0,0,2017-01-05
86.0,83.0,61.0,0,2017-02-09
96.0,108.0,77.0,0,2017-02-25
84.0,85.0,60.0,0,2017-02-28
98.0,95.0,74.0,0,2017-02-26
82.0,88.0,65.0,0,2017-02-21
92.0,98.0,63.0,0,2017-02-24
102.0,103.0,75.0,0,2017-02-08
87.0,100.0,73.0,0,2017-02-16
89.0,87.0,63.0,0,2017-01-29
85.0,91.0,74.0,0,2017-03-02
97.0,106.0,74.0,0,2017-03-01
96.0,97.0,80.0,0,2017-03-03
87.0,90.0,61.0,0,2017-03-06
95.0,92.0,71.0,0,2017-03-09
85.0,75.0,55.0,0,2017-03-10
89.0,86.0,64.0,0,2017-03-14
85.0,85.0,67.0,0,2017-03-04
97.0,109.0,79.0,0,2017-03-16
91.0,106.0,70.0,0,2017-03-07
93.0,97.0,80.0,0,2017-03-08
79.0,83.0,60.0,0,2017-03-12
84.0,92.0,71.0,0,2017-03-15
84.0,83.0,71.0,0,2017-03-21
94.0,98.0,69.0,0,2017-03-28
92.0,97.0,67.0,0,2017-03-29
84.0,80.0,67.0,0,2017-03-31
81.0,85.0,60.0,0,2017-02-27
96.0,87.0,60.0,0,2017-03-24
78.0,78.0,62.0,0,2017-03-22
92.0,95.0,72.0,0,2017-03-30
92.0,87.0,66.0,0,2017-02-05
93.0,96.0,78.0,0,2017-04-04
83.0,84.0,65.0,0,2017-03-27
105.0,99.0,82.0,0,2017-03-05
88.0,90.0,74.0,0,2017-04-07
96.0,85.0,66.0,0,2017-04-06
87.0,88.0,73.0,0,2017-03-11
82.0,84.0,66.0,0,2017-03-20
80.0,92.0,62.0,0,2017-03-17
80.0,85.0,54.0,0,2017-03-19
85.0,90.0,62.0,0,2017-03-18
93.0,95.0,73.0,0,2016-12-24
83.0,88.0,61.0,0,2017-04-12
78.0,90.0,64.0,0,2017-04-05
83.0,85.0,69.0,0,2017-03-23
80.0,83.0,64.0,0,2017-03-25
92.0,93.0,77.0,0,2017-04-10
95.0,100.0,81.0,0,2017-04-13
70.0,73.0,68.0,0,2017-04-19
99.0,97.0,77.0,0,2017-04-17
75.0,72.0,52.0,0,2017-04-20
102.0,113.0,88.0,0,2017-04-27
86.0,87.0,77.0,0,2017-04-18
82.0,99.0,68.0,0,2017-04-11
77.0,74.0,51.0,0,2017-04-24
88.0,99.0,70.0,0,2017-04-03
97.0,98.0,74.0,0,2017-04-08
96.0,109.0,76.0,0,2017-04-23
98.0,91.0,69.0,0,2017-03-26
76.0,82.0,56.0,0,2017-04-14
75.0,84.0,65.0,0,2017-04-16
97.0,98.0,77.0,0,2017-04-09
85.0,76.0,61.0,0,2017-05-04
79.0,88.0,65.0,0,2017-04-30
79.0,70.0,60.0,0,2017-04-21
102.0,106.0,84.0,0,2017-04-29
86.0,90.0,75.0,0,2017-05-06
88.0,81.0,67.0,0,2017-05-02
69.0,74.0,62.0,0,2017-04-26
97.0,98.0,73.0,0,2017-05-11
93.0,97.0,75.0,0,2017-04-28
89.0,82.0,72.0,0,2017-05-01
88.0,92.0,68.0,0,2017-05-03
79.0,90.0,74.0,0,2017-05-12
74.0,72.0,51.0,0,2017-04-22
81.0,79.0,62.0,0,2017-05-05
88.0,86.0,70.0,0,2017-05-17
73.0,79.0,65.0,0,2017-05-10
74.0,84.0,55.0,0,2017-05-15
97.0,95.0,80.0,0,2017-05-22
83.0,85.0,68.0,0,2017-05-09
92.0,90.0,71.0,0,2017-05-21
83.0,93.0,71.0,0,2017-05-16
95.0,95.0,77.0,0,2017-05-25
83.0,96.0,73.0,0,2017-05-07
89.0,98.0,75.0,0,2017-05-23
100.0,97.0,87.0,0,2017-05-08
94.0,88.0,80.0,0,2017-04-15
91.0,106.0,81.0,0,2017-05-31
97.0,104.0,80.0,0,2017-05-14
84.0,91.0,74.0,0,2017-05-19
88.0,86.0,64.0,0,2017-05-13
91.0,96.0,79.0,0,2017-05-26
83.0,96.0,75.0,0,2017-06-01
89.0,91.0,73.0,0,2017-05-18
86.0,94.0,68.0,0,2017-03-13
69.0,83.0,61.0,0,2017-06-02
70.0,72.0,49.0,0,2017-05-20
96.0,97.0,76.0,0,2017-06-05
80.0,81.0,66.0,0,2017-06-07
67.0,83.0,71.0,0,2017-06-09
75.0,88.0,60.0,0,2017-06-04
78.0,71.0,59.0,0,2017-06-11
95.0,103.0,80.0,0,2017-06-06
98.0,110.0,87.0,0,2017-05-30
76.0,82.0,62.0,0,2017-05-24
100.0,91.0,74.0,0,2017-06-08
111.0,113.0,80.0,0,2017-05-27
86.0,95.0,63.0,0,2017-06-16
97.0,96.0,76.0,0,2017-06-12
79.0,87.0,67.0,0,2017-04-01
80.0,88.0,67.0,0,2017-06-03
61.0,74.0,56.0,0,2017-06-13
92.0,105.0,85.0,0,2017-06-20
103.0,104.0,88.0,0,2017-05-29
95.0,103.0,74.0,0,2017-06-25
99.0,111.0,85.0,0,2017-06-28
83.0,96.0,78.0,0,2017-06-30
85.0,96.0,66.0,0,2017-06-27
73.0,80.0,58.0,0,2017-06-21
71.0,79.0,61.0,0,2017-06-26
98.0,112.0,81.0,0,2017-06-19
98.0,105.0,85.0,0,2017-06-29
98.0,79.0,72.0,0,2017-07-05
92.0,87.0,73.0,0,2017-07-01
78.0,78.0,66.0,0,2017-07-06
74.0,70.0,46.0,0,2017-04-25
90.0,84.0,75.0,0,2017-07-10
91.0,100.0,76.0,0,2017-07-08
84.0,82.0,74.0,0,2017-06-17
84.0,94.0,60.0,0,2017-06-18
88.0,103.0,80.0,0,2017-07-07
84.0,97.0,77.0,0,2017-06-10
75.0,68.0,65.0,0,2017-06-22
79.0,84.0,57.0,0,2017-06-15
85.0,86.0,69.0,0,2017-07-13
97.0,102.0,82.0,0,2017-06-23
86.0,89.0,61.0,0,2017-07-15
87.0,90.0,78.0,0,2017-07-18
76.0,82.0,65.0,0,2017-07-11
75.0,84.0,62.0,0,2017-07-17
78.0,85.0,58.0,0,2017-04-02
90.0,98.0,79.0,0,2017-07-19
105.0,114.0,87.0,0,2017-07-02
88.0,96.0,74.0,0,2017-06-24
100.0,106.0,80.0,0,2017-07-23
83.0,96.0,70.0,0,2017-07-12
81.0,93.0,64.0,0,2017-07-03
80.0,75.0,65.0,0,2017-07-09
103.0,114.0,84.0,0,2017-06-14
105.0,99.0,84.0,0,2017-07-28
104.0,113.0,85.0,0,2017-07-24
95.0,82.0,66.0,0,2017-05-28
84.0,83.0,71.0,0,2017-07-31
108.0,103.0,79.0,0,2017-07-29
83.0,94.0,74.0,0,2017-07-04
97.0,108.0,82.0,0,2017-07-26
102.0,112.0,86.0,0,2017-07-20
96.0,104.0,87.0,0,2017-07-25
102.0,100.0,75.0,0,2017-07-16
76.0,86.0,62.0,0,2017-08-02
102.0,110.0,82.0,0,2017-08-10
103.0,119.0,90.0,0,2017-08-13
91.0,91.0,83.0,0,2017-08-14
98.0,107.0,90.0,0,2017-08-01
85.0,104.0,83.0,0,2017-07-30
100.0,101.0,85.0,0,2017-08-08
98.0,98.0,75.0,0,2017-08-09
91.0,96.0,67.0,0,2017-07-22
92.0,94.0,70.0,0,2017-08-17
109.0,107.0,82.0,0,2017-08-15
106.0,112.0,75.0,0,2017-08-04
96.0,98.0,87.0,0,2017-08-05
100.0,119.0,88.0,0,2017-07-27
95.0,114.0,89.0,0,2017-07-14
83.0,99.0,72.0,0,2017-08-07
100.0,108.0,86.0,0,2017-08-19
106.0,125.0,89.0,0,2017-08-26
109.0,124.0,97.0,0,2017-08-23
103.0,106.0,80.0,0,2017-08-21
108.0,113.0,90.0,0,2017-08-18
106.0,120.0,90.0,0,2017-08-25
118.0,129.0,100.0,0,2017-08-29
102.0,103.0,93.0,0,2017-08-03
100.0,104.0,78.0,0,2017-07-21
106.0,115.0,95.0,0,2017-08-20
119.0,129.0,100.0,0,2017-08-30
95.0,101.0,78.0,0,2017-08-24
115.0,120.0,95.0,0,2017-08-06
103.0,105.0,84.0,0,2017-08-11
111.0,112.0,92.0,0,2017-08-12
108.0,118.0,92.0,0,2017-08-16
111.0,126.0,95.0,0,2017-08-22
119.0,129.0,100.0,0,2017-08-27
118.0,129.0,100.0,0,2017-08-28
129.0,129.0,100.0,0,2017-08-31
79.0,84.0,67.0,1,2016-10-31
97.0,95.0,77.0,1,2016-11-04
94.0,100.0,73.0,1,2016-11-07
88.0,93.0,66.0,1,2016-11-14
79.0,76.0,54.0,1,2016-11-13
88.0,89.0,63.0,1,2016-11-10
98.0,93.0,82.0,1,2016-10-30
96.0,84.0,70.0,1,2016-11-15
72.0,39.0,33.0,1,2016-11-21
105.0,104.0,83.0,1,2016-11-03
99.0,103.0,74.0,1,2016-11-11
79.0,72.0,64.0,1,2016-11-16
85.0,81.0,62.0,1,2016-11-09
89.0,90.0,73.0,1,2016-11-12
94.0,89.0,68.0,1,2016-11-19
87.0,96.0,72.0,1,2016-11-28
81.0,73.0,65.0,1,2016-11-30
80.0,82.0,61.0,1,2016-11-24
88.0,87.0,78.0,1,2016-11-17
85.0,52.0,41.0,1,2016-12-02
91.0,79.0,66.0,1,2016-12-05
62.0,57.0,44.0,1,2016-11-02
88.0,89.0,70.0,1,2016-11-22
90.0,91.0,71.0,1,2016-12-06
85.0,57.0,37.0,1,2016-12-07
79.0,74.0,48.0,1,2016-12-12
83.0,69.0,54.0,1,2016-12-14
89.0,79.0,65.0,1,2016-11-01
73.0,82.0,69.0,1,2016-11-23
97.0,100.0,75.0,1,2016-12-01
85.0,78.0,58.0,1,2016-11-08
88.0,93.0,80.0,1,2016-11-29
91.0,55.0,49.0,1,2016-12-13
98.0,96.0,79.0,1,2016-12-03
76.0,83.0,56.0,1,2016-12-19
97.0,85.0,63.0,1,2016-12-16
83.0,58.0,45.0,1,2016-12-21
81.0,90.0,69.0,1,2016-12-15
79.0,75.0,59.0,1,2016-12-20
84.0,74.0,71.0,1,2016-12-11
87.0,95.0,71.0,1,2016-12-18
78.0,47.0,34.0,1,2016-12-09
82.0,87.0,59.0,1,2016-12-10
92.0,91.0,76.0,1,2016-12-28
81.0,80.0,59.0,1,2016-11-06
91.0,86.0,63.0,1,2016-11-27
100.0,96.0,76.0,1,2016-11-18
90.0,88.0,66.0,1,2016-11-20
94.0,85.0,66.0,1,2016-12-29
93.0,92.0,71.0,1,2017-01-01
76.0,66.0,52.0,1,2016-12-26
90.0,89.0,75.0,1,2017-01-04
82.0,88.0,75.0,1,2016-12-23
97.0,98.0,83.0,1,2016-11-26
94.0,84.0,66.0,1,2017-01-10
87.0,88.0,68.0,1,2017-01-11
84.0,82.0,61.0,1,2017-01-09
94.0,78.0,61.0,1,2017-01-06
98.0,80.0,63.0,1,2017-01-03
61.0,59.0,51.0,1,2016-12-27
96.0,93.0,73.0,1,2016-12-30
89.0,92.0,66.0,1,2017-01-16
90.0,91.0,71.0,1,2017-01-12
92.0,96.0,73.0,1,2017-01-17
80.0,81.0,66.0,1,2016-12-04
94.0,86.0,65.0,1,2017-01-07
87.0,92.0,77.0,1,2017-01-15
85.0,73.0,46.0,1,2017-01-18
108.0,107.0,83.0,1,2017-01-25
72.0,72.0,58.0,1,2016-12-31
93.0,86.0,74.0,1,2017-01-26
94.0,89.0,58.0,1,2017-01-19
91.0,74.0,57.0,1,2017-01-24
86.0,83.0,59.0,1,2017-01-23
82.0,82.0,60.0,1,2017-01-13
84.0,85.0,59.0,1,2016-12-25
87.0,97.0,67.0,1,2017-01-21
87.0,88.0,72.0,1,2017-02-01
79.0,36.0,40.0,1,2017-02-02
93.0,68.0,62.0,1,2017-01-31
84.0,73.0,69.0,1,2017-02-04
80.0,64.0,47.0,1,2017-02-03
78.0,72.0,53.0,1,2017-02-06
87.0,84.0,66.0,1,2017-01-02
86.0,86.0,67.0,1,2016-11-05
96.0,81.0,69.0,1,2017-01-28
90.0,88.0,71.0,1,2017-01-08
98.0,99.0,76.0,1,2017-01-22
85.0,84.0,68.0,1,2016-12-17
70.0,23.0,14.0,1,2016-11-25
102.0,85.0,65.0,1,2017-01-27
84.0,87.0,70.0,1,2017-02-11
93.0,86.0,66.0,1,2017-02-10
89.0,67.0,58.0,1,2017-01-20
91.0,94.0,59.0,1,2017-02-12
101.0,95.0,77.0,1,2017-01-14
72.0,82.0,61.0,1,2017-02-13
94.0,96.0,78.0,1,2016-12-22
94.0,94.0,77.0,1,2017-02-17
77.0,72.0,62.0,1,2016-12-08
91.0,100.0,70.0,1,2017-02-14
99.0,105.0,76.0,1,2017-02-19
99.0,93.0,73.0,1,2017-02-20
74.0,69.0,55.0,1,2017-02-15
85.0,94.0,69.0,1,2017-02-18
93.0,81.0,74.0,1,2017-02-22
92.0,94.0,76.0,1,2017-02-23
96.0,100.0,69.0,1,2017-01-30
93.0,90.0,68.0,1,2017-02-07
97.0,112.0,81.0,1,2017-01-05
76.0,73.0,59.0,1,2017-02-09
103.0,101.0,83.0,1,2017-02-25
89.0,99.0,59.0,1,2017-02-28
96.0,89.0,73.0,1,2017-02-26
84.0,87.0,68.0,1,2017-02-21
92.0,95.0,71.0,1,2017-02-24
87.0,102.0,80.0,1,2017-02-08
95.0,94.0,67.0,1,2017-02-16
93.0,87.0,62.0,1,2017-01-29
88.0,90.0,74.0,1,2017-03-02
101.0,95.0,81.0,1,2017-03-01
99.0,98.0,72.0,1,2017-03-03
79.0,82.0,66.0,1,2017-03-06
93.0,98.0,72.0,1,2017-03-09
95.0,78.0,64.0,1,2017-03-10
88.0,95.0,61.0,1,2017-03-14
89.0,86.0,72.0,1,2017-03-04
104.0,105.0,86.0,1,2017-03-16
93.0,91.0,81.0,1,2017-03-07
99.0,91.0,69.0,1,2017-03-08
82.0,79.0,66.0,1,2017-03-12
96.0,93.0,80.0,1,2017-03-15
86.0,81.0,71.0,1,2017-03-21
94.0,97.0,68.0,1,2017-03-28
94.0,91.0,79.0,1,2017-03-29
73.0,74.0,59.0,1,2017-03-31
90.0,90.0,60.0,1,2017-02-27
87.0,83.0,70.0,1,2017-03-24
72.0,77.0,59.0,1,2017-03-22
90.0,92.0,68.0,1,2017-03-30
91.0,92.0,71.0,1,2017-02-05
96.0,99.0,79.0,1,2017-04-04
82.0,87.0,77.0,1,2017-03-27
108.0,102.0,81.0,1,2017-03-05
86.0,103.0,61.0,1,2017-04-07
87.0,83.0,67.0,1,2017-04-06
86.0,86.0,70.0,1,2017-03-11
81.0,87.0,71.0,1,2017-03-20
81.0,87.0,73.0,1,2017-03-17
81.0,75.0,59.0,1,2017-03-19
80.0,76.0,58.0,1,2017-03-18
95.0,92.0,79.0,1,2016-12-24
80.0,77.0,74.0,1,2017-04-12
81.0,78.0,69.0,1,2017-04-05
85.0,101.0,76.0,1,2017-03-23
75.0,84.0,65.0,1,2017-03-25
92.0,94.0,76.0,1,2017-04-10
101.0,98.0,77.0,1,2017-04-13
65.0,79.0,62.0,1,2017-04-19
87.0,96.0,71.0,1,2017-04-17
70.0,89.0,65.0,1,2017-04-20
100.0,113.0,87.0,1,2017-04-27
90.0,98.0,71.0,1,2017-04-18
88.0,93.0,66.0,1,2017-04-11
71.0,79.0,46.0,1,2017-04-24
98.0,89.0,74.0,1,2017-04-03
96.0,105.0,83.0,1,2017-04-08
102.0,106.0,77.0,1,2017-04-23
98.0,96.0,65.0,1,2017-03-26
77.0,77.0,63.0,1,2017-04-14
83.0,81.0,62.0,1,2017-04-16
94.0,98.0,80.0,1,2017-04-09
83.0,82.0,60.0,1,2017-05-04
77.0,83.0,72.0,1,2017-04-30
69.0,67.0,55.0,1,2017-04-21
96.0,99.0,73.0,1,2017-04-29
84.0,79.0,73.0,1,2017-05-06
95.0,85.0,77.0,1,2017-05-02
77.0,75.0,50.0,1,2017-04-26
83.0,91.0,67.0,1,2017-05-11
98.0,98.0,78.0,1,2017-04-28
88.0,106.0,64.0,1,2017-05-01
84.0,95.0,73.0,1,2017-05-03
83.0,85.0,73.0,1,2017-05-12
79.0,83.0,66.0,1,2017-04-22
80.0,91.0,62.0,1,2017-05-05
84.0,88.0,62.0,1,2017-05-17
69.0,83.0,62.0,1,2017-05-10
75.0,63.0,61.0,1,2017-05-15
86.0,91.0,80.0,1,2017-05-22
77.0,88.0,58.0,1,2017-05-09
89.0,86.0,70.0,1,2017-05-21
86.0,93.0,71.0,1,2017-05-16
92.0,90.0,73.0,1,2017-05-25
94.0,96.0,76.0,1,2017-05-07
93.0,104.0,71.0,1,2017-05-23
95.0,106.0,82.0,1,2017-05-08
86.0,97.0,75.0,1,2017-04-15
92.0,108.0,82.0,1,2017-05-31
94.0,95.0,76.0,1,2017-05-14
94.0,95.0,75.0,1,2017-05-19
83.0,90.0,75.0,1,2017-05-13
89.0,97.0,78.0,1,2017-05-26
91.0,100.0,73.0,1,2017-06-01
97.0,95.0,78.0,1,2017-05-18
87.0,92.0,80.0,1,2017-03-13
74.0,87.0,54.0,1,2017-06-02
64.0,73.0,61.0,1,2017-05-20
90.0,92.0,73.0,1,2017-06-05
73.0,83.0,71.0,1,2017-06-07
80.0,91.0,56.0,1,2017-06-09
75.0,78.0,67.0,1,2017-06-04
90.0,90.0,58.0,1,2017-06-11
89.0,112.0,80.0,1,2017-06-06
93.0,110.0,84.0,1,2017-05-30
78.0,93.0,72.0,1,2017-05-24
99.0,97.0,72.0,1,2017-06-08
102.0,112.0,90.0,1,2017-05-27
86.0,102.0,62.0,1,2017-06-16
90.0,113.0,82.0,1,2017-06-12
79.0,83.0,66.0,1,2017-04-01
83.0,83.0,53.0,1,2017-06-03
71.0,71.0,51.0,1,2017-06-13
95.0,104.0,85.0,1,2017-06-20
97.0,105.0,75.0,1,2017-05-29
96.0,94.0,76.0,1,2017-06-25
92.0,102.0,75.0,1,2017-06-28
90.0,81.0,75.0,1,2017-06-30
79.0,95.0,71.0,1,2017-06-27
78.0,86.0,61.0,1,2017-06-21
86.0,86.0,67.0,1,2017-06-26
100.0,106.0,84.0,1,2017-06-19
95.0,104.0,82.0,1,2017-06-29
90.0,102.0,79.0,1,2017-07-05
87.0,101.0,71.0,1,2017-07-01
70.0,72.0,65.0,1,2017-07-06
82.0,78.0,61.0,1,2017-04-25
82.0,100.0,71.0,1,2017-07-10
94.0,94.0,81.0,1,2017-07-08
85.0,97.0,73.0,1,2017-06-17
73.0,70.0,61.0,1,2017-06-18
94.0,104.0,77.0,1,2017-07-07
93.0,96.0,76.0,1,2017-06-10
76.0,77.0,60.0,1,2017-06-22
78.0,85.0,62.0,1,2017-06-15
83.0,87.0,66.0,1,2017-07-13
93.0,104.0,82.0,1,2017-06-23
87.0,91.0,70.0,1,2017-07-15
82.0,94.0,68.0,1,2017-07-18
69.0,83.0,48.0,1,2017-07-11
82.0,86.0,58.0,1,2017-07-17
80.0,82.0,63.0,1,2017-04-02
95.0,102.0,78.0,1,2017-07-19
104.0,115.0,81.0,1,2017-07-02
92.0,101.0,81.0,1,2017-06-24
97.0,106.0,79.0,1,2017-07-23
94.0,91.0,74.0,1,2017-07-12
83.0,97.0,70.0,1,2017-07-03
80.0,76.0,62.0,1,2017-07-09
107.0,103.0,79.0,1,2017-06-14
101.0,108.0,84.0,1,2017-07-28
105.0,110.0,92.0,1,2017-07-24
89.0,90.0,65.0,1,2017-05-28
80.0,89.0,66.0,1,2017-07-31
107.0,98.0,76.0,1,2017-07-29
86.0,91.0,67.0,1,2017-07-04
94.0,105.0,78.0,1,2017-07-26
102.0,110.0,79.0,1,2017-07-20
94.0,96.0,76.0,1,2017-07-25
103.0,100.0,82.0,1,2017-07-16
74.0,77.0,73.0,1,2017-08-02
98.0,111.0,83.0,1,2017-08-10
108.0,115.0,88.0,1,2017-08-13
86.0,96.0,66.0,1,2017-08-14
102.0,113.0,85.0,1,2017-08-01
92.0,91.0,74.0,1,2017-07-30
94.0,105.0,81.0,1,2017-08-08
86.0,93.0,74.0,1,2017-08-09
82.0,85.0,80.0,1,2017-07-22
88.0,102.0,80.0,1,2017-08-17
102.0,109.0,81.0,1,2017-08-15
103.0,115.0,86.0,1,2017-08-04
101.0,114.0,80.0,1,2017-08-05
97.0,116.0,88.0,1,2017-07-27
103.0,104.0,84.0,1,2017-07-14
87.0,88.0,74.0,1,2017-08-07
107.0,107.0,82.0,1,2017-08-19
109.0,123.0,92.0,1,2017-08-26
115.0,125.0,97.0,1,2017-08-23
107.0,105.0,81.0,1,2017-08-21
109.0,122.0,86.0,1,2017-08-18
109.0,120.0,93.0,1,2017-08-25
117.0,129.0,100.0,1,2017-08-29
99.0,110.0,90.0,1,2017-08-03
101.0,110.0,79.0,1,2017-07-21
104.0,115.0,91.0,1,2017-08-20
120.0,129.0,100.0,1,2017-08-30
92.0,108.0,87.0,1,2017-08-24
112.0,124.0,92.0,1,2017-08-06
103.0,110.0,83.0,1,2017-08-11
104.0,111.0,91.0,1,2017-08-12
108.0,117.0,91.0,1,2017-08-16
110.0,123.0,95.0,1,2017-08-22
119.0,129.0,100.0,1,2017-08-27
119.0,129.0,100.0,1,2017-08-28
129.0,129.0,100.0,1,2017-08-31
85.0,84.0,70.0,2,2016-10-31
103.0,101.0,76.0,2,2016-11-04
94.0,96.0,74.0,2,2016-11-07
95.0,93.0,76.0,2,2016-11-14
74.0,63.0,49.0,2,2016-11-13
93.0,100.0,72.0,2,2016-11-10
89.0,90.0,67.0,2,2016-10-30
88.0,88.0,61.0,2,2016-11-15
74.0,50.0,37.0,2,2016-11-21
100.0,104.0,85.0,2,2016-11-03
104.0,98.0,73.0,2,2016-11-11
82.0,77.0,67.0,2,2016-11-16
90.0,76.0,50.0,2,2016-11-09
92.0,91.0,64.0,2,2016-11-12
95.0,88.0,82.0,2,2016-11-19
93.0,103.0,79.0,2,2016-11-28
81.0,81.0,54.0,2,2016-11-30
92.0,82.0,73.0,2,2016-11-24
86.0,89.0,65.0,2,2016-11-17
77.0,54.0,40.0,2,2016-12-02
96.0,83.0,62.0,2,2016-12-05
89.0,61.0,40.0,2,2016-11-02
85.0,99.0,68.0,2,2016-11-22
88.0,81.0,65.0,2,2016-12-06
91.0,57.0,49.0,2,2016-12-07
76.0,57.0,54.0,2,2016-12-12
80.0,71.0,47.0,2,2016-12-14
86.0,86.0,72.0,2,2016-11-01
87.0,88.0,61.0,2,2016-11-23
100.0,95.0,76.0,2,2016-12-01
84.0,95.0,62.0,2,2016-11-08
102.0,100.0,75.0,2,2016-11-29
88.0,72.0,44.0,2,2016-12-13
92.0,93.0,79.0,2,2016-12-03
83.0,79.0,63.0,2,2016-12-19
96.0,85.0,69.0,2,2016-12-16
85.0,51.0,34.0,2,2016-12-21
83.0,77.0,59.0,2,2016-12-15
84.0,85.0,64.0,2,2016-12-20
78.0,82.0,69.0,2,2016-12-11
101.0,83.0,74.0,2,2016-12-18
71.0,48.0,42.0,2,2016-12-09
86.0,81.0,63.0,2,2016-12-10
95.0,90.0,70.0,2,2016-12-28
79.0,73.0,70.0,2,2016-11-06
94.0,83.0,65.0,2,2016-11-27
101.0,97.0,78.0,2,2016-11-18
85.0,83.0,66.0,2,2016-11-20
91.0,85.0,73.0,2,2016-12-29
93.0,89.0,72.0,2,2017-01-01
74.0,78.0,62.0,2,2016-12-26
86.0,79.0,76.0,2,2017-01-04
88.0,87.0,74.0,2,2016-12-23
110.0,100.0,79.0,2,2016-11-26
86.0,90.0,61.0,2,2017-01-10
102.0,81.0,76.0,2,2017-01-11
75.0,89.0,69.0,2,2017-01-09
85.0,87.0,64.0,2,2017-01-06
91.0,96.0,60.0,2,2017-01-03
78.0,64.0,59.0,2,2016-12-27
97.0,100.0,80.0,2,2016-12-30
86.0,95.0,73.0,2,2017-01-16
89.0,85.0,64.0,2,2017-01-12
93.0,89.0,69.0,2,2017-01-17
85.0,81.0,60.0,2,2016-12-04
95.0,90.0,65.0,2,2017-01-07
92.0,85.0,60.0,2,2017-01-15
90.0,60.0,44.0,2,2017-01-18
112.0,111.0,79.0,2,2017-01-25
72.0,69.0,57.0,2,2016-12-31
97.0,94.0,80.0,2,2017-01-26
98.0,87.0,61.0,2,2017-01-19
93.0,71.0,56.0,2,2017-01-24
84.0,83.0,54.0,2,2017-01-23
80.0,79.0,55.0,2,2017-01-13
79.0,86.0,65.0,2,2016-12-25
98.0,91.0,75.0,2,2017-01-21
85.0,93.0,73.0,2,2017-02-01
63.0,51.0,37.0,2,2017-02-02
88.0,68.0,66.0,2,2017-01-31
74.0,79.0,61.0,2,2017-02-04
88.0,62.0,47.0,2,2017-02-03
80.0,64.0,45.0,2,2017-02-06
86.0,91.0,68.0,2,2017-01-02
103.0,90.0,76.0,2,2016-11-05
89.0,90.0,59.0,2,2017-01-28
86.0,85.0,65.0,2,2017-01-08
98.0,84.0,75.0,2,2017-01-22
89.0,97.0,68.0,2,2016-12-17
52.0,25.0,12.0,2,2016-11-25
94.0,85.0,68.0,2,2017-01-27
91.0,102.0,67.0,2,2017-02-11
90.0,79.0,54.0,2,2017-02-10
97.0,71.0,51.0,2,2017-01-20
89.0,78.0,64.0,2,2017-02-12
105.0,99.0,70.0,2,2017-01-14
88.0,70.0,68.0,2,2017-02-13
84.0,89.0,67.0,2,2016-12-22
80.0,91.0,69.0,2,2017-02-17
73.0,74.0,56.0,2,2016-12-08
89.0,99.0,76.0,2,2017-02-14
96.0,93.0,76.0,2,2017-02-19
82.0,104.0,71.0,2,2017-02-20
77.0,65.0,45.0,2,2017-02-15
90.0,97.0,77.0,2,2017-02-18
93.0,95.0,70.0,2,2017-02-22
91.0,104.0,74.0,2,2017-02-23
102.0,110.0,81.0,2,2017-01-30
78.0,87.0,67.0,2,2017-02-07
101.0,94.0,80.0,2,2017-01-05
78.0,70.0,63.0,2,2017-02-09
107.0,103.0,80.0,2,2017-02-25
83.0,88.0,54.0,2,2017-02-28
96.0,90.0,67.0,2,2017-02-26
77.0,90.0,65.0,2,2017-02-21
93.0,103.0,69.0,2,2017-02-24
101.0,93.0,77.0,2,2017-02-08
83.0,100.0,71.0,2,2017-02-16
94.0,101.0,66.0,2,2017-01-29
88.0,89.0,71.0,2,2017-03-02
95.0,99.0,79.0,2,2017-03-01
96.0,101.0,80.0,2,2017-03-03
78.0,92.0,65.0,2,2017-03-06
98.0,100.0,67.0,2,2017-03-09
85.0,78.0,64.0,2,2017-03-10
96.0,94.0,77.0,2,2017-03-14
88.0,85.0,64.0,2,2017-03-04
106.0,97.0,85.0,2,2017-03-16
96.0,93.0,78.0,2,2017-03-07
96.0,93.0,75.0,2,2017-03-08
83.0,78.0,61.0,2,2017-03-12
90.0,86.0,78.0,2,2017-03-15
81.0,92.0,73.0,2,2017-03-21
92.0,95.0,72.0,2,2017-03-28
91.0,97.0,74.0,2,2017-03-29
78.0,83.0,67.0,2,2017-03-31
86.0,87.0,76.0,2,2017-02-27
82.0,89.0,63.0,2,2017-03-24
76.0,82.0,61.0,2,2017-03-22
76.0,102.0,76.0,2,2017-03-30
97.0,83.0,65.0,2,2017-02-05
94.0,93.0,77.0,2,2017-04-04
72.0,91.0,72.0,2,2017-03-27
103.0,103.0,76.0,2,2017-03-05
83.0,94.0,70.0,2,2017-04-07
96.0,91.0,63.0,2,2017-04-06
92.0,90.0,72.0,2,2017-03-11
85.0,85.0,72.0,2,2017-03-20
87.0,87.0,64.0,2,2017-03-17
80.0,79.0,61.0,2,2017-03-19
86.0,83.0,67.0,2,2017-03-18
81.0,96.0,66.0,2,2016-12-24
81.0,92.0,79.0,2,2017-04-12
82.0,93.0,74.0,2,2017-04-05
85.0,91.0,64.0,2,2017-03-23
77.0,81.0,69.0,2,2017-03-25
90.0,96.0,79.0,2,2017-04-10
93.0,104.0,83.0,2,2017-04-13
70.0,83.0,62.0,2,2017-04-19
87.0,96.0,70.0,2,2017-04-17
80.0,78.0,57.0,2,2017-04-20
101.0,116.0,80.0,2,2017-04-27
93.0,98.0,81.0,2,2017-04-18
93.0,91.0,78.0,2,2017-04-11
77.0,77.0,48.0,2,2017-04-24
89.0,95.0,74.0,2,2017-04-03
99.0,95.0,78.0,2,2017-04-08
99.0,110.0,81.0,2,2017-04-23
80.0,98.0,78.0,2,2017-03-26
79.0,76.0,59.0,2,2017-04-14
80.0,68.0,56.0,2,2017-04-16
93.0,98.0,76.0,2,2017-04-09
82.0,76.0,53.0,2,2017-05-04
78.0,82.0,73.0,2,2017-04-30
82.0,85.0,58.0,2,2017-04-21
102.0,95.0,70.0,2,2017-04-29
82.0,93.0,74.0,2,2017-05-06
83.0,78.0,71.0,2,2017-05-02
78.0,58.0,50.0,2,2017-04-26
89.0,104.0,72.0,2,2017-05-11
89.0,99.0,79.0,2,2017-04-28
96.0,81.0,74.0,2,2017-05-01
93.0,91.0,69.0,2,2017-05-03
88.0,88.0,71.0,2,2017-05-12
71.0,73.0,64.0,2,2017-04-22
91.0,77.0,71.0,2,2017-05-05
84.0,89.0,65.0,2,2017-05-17
83.0,93.0,59.0,2,2017-05-10
85.0,81.0,57.0,2,2017-05-15
94.0,93.0,76.0,2,2017-05-22
83.0,85.0,61.0,2,2017-05-09
87.0,87.0,55.0,2,2017-05-21
87.0,87.0,67.0,2,2017-05-16
83.0,95.0,69.0,2,2017-05-25
92.0,102.0,74.0,2,2017-05-07
93.0,91.0,78.0,2,2017-05-23
95.0,108.0,77.0,2,2017-05-08
86.0,101.0,68.0,2,2017-04-15
91.0,97.0,86.0,2,2017-05-31
84.0,95.0,75.0,2,2017-05-14
95.0,87.0,73.0,2,2017-05-19
81.0,90.0,69.0,2,2017-05-13
93.0,89.0,76.0,2,2017-05-26
94.0,95.0,70.0,2,2017-06-01
85.0,90.0,71.0,2,2017-05-18
89.0,86.0,72.0,2,2017-03-13
80.0,79.0,62.0,2,2017-06-02
63.0,74.0,51.0,2,2017-05-20
94.0,102.0,78.0,2,2017-06-05
72.0,81.0,60.0,2,2017-06-07
72.0,81.0,72.0,2,2017-06-09
72.0,86.0,66.0,2,2017-06-04
69.0,87.0,70.0,2,2017-06-11
100.0,99.0,83.0,2,2017-06-06
95.0,109.0,84.0,2,2017-05-30
91.0,89.0,69.0,2,2017-05-24
102.0,89.0,76.0,2,2017-06-08
99.0,119.0,84.0,2,2017-05-27
90.0,87.0,67.0,2,2017-06-16
98.0,105.0,84.0,2,2017-06-12
83.0,79.0,62.0,2,2017-04-01
75.0,77.0,61.0,2,2017-06-03
73.0,78.0,55.0,2,2017-06-13
97.0,105.0,84.0,2,2017-06-20
103.0,106.0,87.0,2,2017-05-29
90.0,99.0,78.0,2,2017-06-25
88.0,105.0,80.0,2,2017-06-28
83.0,98.0,69.0,2,2017-06-30
94.0,86.0,70.0,2,2017-06-27
71.0,86.0,63.0,2,2017-06-21
76.0,84.0,64.0,2,2017-06-26
99.0,101.0,80.0,2,2017-06-19
98.0,101.0,84.0,2,2017-06-29
93.0,93.0,73.0,2,2017-07-05
81.0,102.0,65.0,2,2017-07-01
79.0,81.0,65.0,2,2017-07-06
82.0,70.0,71.0,2,2017-04-25
89.0,88.0,75.0,2,2017-07-10
89.0,95.0,72.0,2,2017-07-08
85.0,84.0,64.0,2,2017-06-17
71.0,77.0,69.0,2,2017-06-18
101.0,108.0,77.0,2,2017-07-07
94.0,96.0,74.0,2,2017-06-10
75.0,68.0,73.0,2,2017-06-22
74.0,85.0,61.0,2,2017-06-15
82.0,82.0,70.0,2,2017-07-13
93.0,87.0,81.0,2,2017-06-23
83.0,82.0,66.0,2,2017-07-15
83.0,84.0,71.0,2,2017-07-18
72.0,79.0,63.0,2,2017-07-11
74.0,82.0,67.0,2,2017-07-17
85.0,78.0,60.0,2,2017-04-02
100.0,106.0,78.0,2,2017-07-19
100.0,112.0,91.0,2,2017-07-02
81.0,93.0,81.0,2,2017-06-24
93.0,105.0,85.0,2,2017-07-23
83.0,91.0,77.0,2,2017-07-12
84.0,86.0,66.0,2,2017-07-03
82.0,81.0,68.0,2,2017-07-09
99.0,113.0,90.0,2,2017-06-14
101.0,105.0,84.0,2,2017-07-28
103.0,110.0,84.0,2,2017-07-24
87.0,78.0,60.0,2,2017-05-28
76.0,84.0,61.0,2,2017-07-31
102.0,98.0,85.0,2,2017-07-29
91.0,95.0,72.0,2,2017-07-04
92.0,104.0,77.0,2,2017-07-26
104.0,108.0,85.0,2,2017-07-20
105.0,107.0,77.0,2,2017-07-25
100.0,108.0,82.0,2,2017-07-16
78.0,90.0,70.0,2,2017-08-02
97.0,104.0,84.0,2,2017-08-10
109.0,117.0,82.0,2,2017-08-13
90.0,100.0,75.0,2,2017-08-14
93.0,112.0,84.0,2,2017-08-01
89.0,100.0,72.0,2,2017-07-30
107.0,110.0,76.0,2,2017-08-08
88.0,87.0,69.0,2,2017-08-09
79.0,98.0,67.0,2,2017-07-22
93.0,101.0,77.0,2,2017-08-17
106.0,112.0,95.0,2,2017-08-15
104.0,113.0,90.0,2,2017-08-04
95.0,107.0,81.0,2,2017-08-05
108.0,115.0,91.0,2,2017-07-27
94.0,102.0,87.0,2,2017-07-14
88.0,97.0,70.0,2,2017-08-07
109.0,103.0,88.0,2,2017-08-19
111.0,117.0,93.0,2,2017-08-26
113.0,124.0,95.0,2,2017-08-23
92.0,100.0,87.0,2,2017-08-21
108.0,118.0,86.0,2,2017-08-18
111.0,118.0,90.0,2,2017-08-25
118.0,129.0,100.0,2,2017-08-29
99.0,104.0,89.0,2,2017-08-03
101.0,109.0,87.0,2,2017-07-21
108.0,118.0,94.0,2,2017-08-20
120.0,129.0,100.0,2,2017-08-30
90.0,110.0,78.0,2,2017-08-24
108.0,112.0,87.0,2,2017-08-06
99.0,110.0,81.0,2,2017-08-11
111.0,117.0,85.0,2,2017-08-12
108.0,116.0,89.0,2,2017-08-16
109.0,126.0,97.0,2,2017-08-22
119.0,129.0,100.0,2,2017-08-27
118.0,129.0,100.0,2,2017-08-28
129.0,129.0,100.0,2,2017-08-31
88.0,78.0,67.0,3,2016-10-31
108.0,102.0,71.0,3,2016-11-04
93.0,94.0,79.0,3,2016-11-07
87.0,93.0,78.0,3,2016-11-14
68.0,64.0,53.0,3,2016-11-13
83.0,86.0,66.0,3,2016-11-10
95.0,87.0,70.0,3,2016-10-30
86.0,95.0,68.0,3,2016-11-15
73.0,47.0,43.0,3,2016-11-21
101.0,106.0,82.0,3,2016-11-03
94.0,93.0,77.0,3,2016-11-11
75.0,89.0,60.0,3,2016-11-16
95.0,72.0,62.0,3,2016-11-09
88.0,92.0,64.0,3,2016-11-12
94.0,85.0,74.0,3,2016-11-19
96.0,104.0,78.0,3,2016-11-28
80.0,93.0,73.0,3,2016-11-30
91.0,81.0,70.0,3,2016-11-24
91.0,81.0,68.0,3,2016-11-17
78.0,48.0,38.0,3,2016-12-02
90.0,82.0,57.0,3,2016-12-05
81.0,56.0,37.0,3,2016-11-02
78.0,81.0,68.0,3,2016-11-22
92.0,88.0,69.0,3,2016-12-06
82.0,54.0,43.0,3,2016-12-07
72.0,68.0,42.0,3,2016-12-12
88.0,68.0,43.0,3,2016-12-14
83.0,87.0,68.0,3,2016-11-01
89.0,80.0,70.0,3,2016-11-23
99.0,99.0,79.0,3,2016-12-01
80.0,92.0,62.0,3,2016-11-08
94.0,102.0,75.0,3,2016-11-29
84.0,51.0,51.0,3,2016-12-13
100.0,101.0,75.0,3,2016-12-03
77.0,82.0,61.0,3,2016-12-19
96.0,84.0,72.0,3,2016-12-16
79.0,45.0,39.0,3,2016-12-21
82.0,72.0,64.0,3,2016-12-15
85.0,84.0,60.0,3,2016-12-20
89.0,92.0,66.0,3,2016-12-11
86.0,93.0,71.0,3,2016-12-18
72.0,45.0,32.0,3,2016-12-09
76.0,81.0,60.0,3,2016-12-10
91.0,95.0,67.0,3,2016-12-28
76.0,81.0,53.0,3,2016-11-06
96.0,93.0,68.0,3,2016-11-27
96.0,93.0,70.0,3,2016-11-18
87.0,91.0,66.0,3,2016-11-20
80.0,92.0,64.0,3,2016-12-29
102.0,81.0,71.0,3,2017-01-01
67.0,74.0,56.0,3,2016-12-26
91.0,86.0,69.0,3,2017-01-04
94.0,92.0,72.0,3,2016-12-23
97.0,100.0,77.0,3,2016-11-26
97.0,84.0,63.0,3,2017-01-10
87.0,81.0,59.0,3,2017-01-11
80.0,78.0,64.0,3,2017-01-09
87.0,72.0,59.0,3,2017-01-06
98.0,83.0,67.0,3,2017-01-03
76.0,68.0,42.0,3,2016-12-27
99.0,95.0,77.0,3,2016-12-30
93.0,88.0,70.0,3,2017-01-16
89.0,87.0,63.0,3,2017-01-12
97.0,92.0,72.0,3,2017-01-17
88.0,88.0,67.0,3,2016-12-04
95.0,87.0,74.0,3,2017-01-07
92.0,77.0,62.0,3,2017-01-15
88.0,73.0,48.0,3,2017-01-18
104.0,105.0,83.0,3,2017-01-25
82.0,74.0,60.0,3,2016-12-31
99.0,95.0,68.0,3,2017-01-26
98.0,89.0,68.0,3,2017-01-19
97.0,79.0,59.0,3,2017-01-24
83.0,86.0,60.0,3,2017-01-23
80.0,97.0,64.0,3,2017-01-13
81.0,90.0,63.0,3,2016-12-25
78.0,95.0,71.0,3,2017-01-21
96.0,90.0,67.0,3,2017-02-01
73.0,50.0,33.0,3,2017-02-02
85.0,68.0,60.0,3,2017-01-31
79.0,82.0,68.0,3,2017-02-04
88.0,66.0,58.0,3,2017-02-03
84.0,66.0,55.0,3,2017-02-06
93.0,77.0,57.0,3,2017-01-02
88.0,98.0,74.0,3,2016-11-05
94.0,76.0,65.0,3,2017-01-28
92.0,87.0,65.0,3,2017-01-08
87.0,106.0,68.0,3,2017-01-22
89.0,84.0,66.0,3,2016-12-17
62.0,13.0,16.0,3,2016-11-25
95.0,91.0,67.0,3,2017-01-27
83.0,88.0,65.0,3,2017-02-11
91.0,75.0,72.0,3,2017-02-10
86.0,66.0,60.0,3,2017-01-20
75.0,89.0,69.0,3,2017-02-12
93.0,101.0,67.0,3,2017-01-14
79.0,85.0,54.0,3,2017-02-13
84.0,87.0,63.0,3,2016-12-22
99.0,88.0,74.0,3,2017-02-17
67.0,75.0,49.0,3,2016-12-08
88.0,97.0,79.0,3,2017-02-14
98.0,104.0,78.0,3,2017-02-19
88.0,93.0,73.0,3,2017-02-20
90.0,74.0,53.0,3,2017-02-15
94.0,97.0,73.0,3,2017-02-18
84.0,87.0,67.0,3,2017-02-22
99.0,101.0,76.0,3,2017-02-23
104.0,101.0,79.0,3,2017-01-30
82.0,81.0,67.0,3,2017-02-07
106.0,112.0,83.0,3,2017-01-05
80.0,74.0,54.0,3,2017-02-09
101.0,105.0,75.0,3,2017-02-25
83.0,98.0,69.0,3,2017-02-28
90.0,89.0,72.0,3,2017-02-26
76.0,94.0,69.0,3,2017-02-21
85.0,98.0,71.0,3,2017-02-24
94.0,103.0,82.0,3,2017-02-08
93.0,92.0,66.0,3,2017-02-16
98.0,100.0,71.0,3,2017-01-29
90.0,84.0,65.0,3,2017-03-02
93.0,94.0,77.0,3,2017-03-01
97.0,85.0,81.0,3,2017-03-03
80.0,82.0,65.0,3,2017-03-06
101.0,103.0,76.0,3,2017-03-09
87.0,73.0,54.0,3,2017-03-10
84.0,93.0,68.0,3,2017-03-14
92.0,93.0,77.0,3,2017-03-04
101.0,108.0,84.0,3,2017-03-16
97.0,97.0,74.0,3,2017-03-07
88.0,99.0,79.0,3,2017-03-08
88.0,87.0,55.0,3,2017-03-12
91.0,101.0,70.0,3,2017-03-15
80.0,86.0,71.0,3,2017-03-21
89.0,99.0,75.0,3,2017-03-28
95.0,87.0,72.0,3,2017-03-29
79.0,86.0,63.0,3,2017-03-31
87.0,87.0,62.0,3,2017-02-27
93.0,90.0,62.0,3,2017-03-24
78.0,76.0,60.0,3,2017-03-22
91.0,98.0,77.0,3,2017-03-30
95.0,85.0,74.0,3,2017-02-05
91.0,103.0,71.0,3,2017-04-04
80.0,90.0,65.0,3,2017-03-27
105.0,103.0,73.0,3,2017-03-05
75.0,95.0,72.0,3,2017-04-07
97.0,84.0,66.0,3,2017-04-06
87.0,81.0,67.0,3,2017-03-11
88.0,92.0,69.0,3,2017-03-20
80.0,85.0,65.0,3,2017-03-17
77.0,82.0,48.0,3,2017-03-19
81.0,69.0,55.0,3,2017-03-18
91.0,87.0,64.0,3,2016-12-24
75.0,88.0,69.0,3,2017-04-12
77.0,80.0,71.0,3,2017-04-05
94.0,102.0,77.0,3,2017-03-23
84.0,72.0,66.0,3,2017-03-25
95.0,95.0,77.0,3,2017-04-10
94.0,98.0,74.0,3,2017-04-13
79.0,74.0,54.0,3,2017-04-19
94.0,99.0,77.0,3,2017-04-17
74.0,81.0,61.0,3,2017-04-20
103.0,115.0,84.0,3,2017-04-27
92.0,93.0,64.0,3,2017-04-18
87.0,95.0,64.0,3,2017-04-11
76.0,82.0,62.0,3,2017-04-24
91.0,98.0,77.0,3,2017-04-03
102.0,94.0,75.0,3,2017-04-08
102.0,105.0,86.0,3,2017-04-23
100.0,96.0,74.0,3,2017-03-26
67.0,68.0,74.0,3,2017-04-14
70.0,75.0,58.0,3,2017-04-16
99.0,99.0,81.0,3,2017-04-09
71.0,70.0,64.0,3,2017-05-04
82.0,80.0,70.0,3,2017-04-30
85.0,84.0,51.0,3,2017-04-21
85.0,102.0,74.0,3,2017-04-29
84.0,91.0,71.0,3,2017-05-06
82.0,90.0,74.0,3,2017-05-02
72.0,76.0,56.0,3,2017-04-26
84.0,86.0,74.0,3,2017-05-11
94.0,104.0,76.0,3,2017-04-28
81.0,99.0,71.0,3,2017-05-01
91.0,93.0,67.0,3,2017-05-03
86.0,83.0,70.0,3,2017-05-12
67.0,76.0,61.0,3,2017-04-22
77.0,91.0,69.0,3,2017-05-05
80.0,96.0,71.0,3,2017-05-17
85.0,88.0,61.0,3,2017-05-10
81.0,68.0,61.0,3,2017-05-15
93.0,94.0,70.0,3,2017-05-22
87.0,88.0,63.0,3,2017-05-09
82.0,105.0,69.0,3,2017-05-21
86.0,97.0,77.0,3,2017-05-16
83.0,92.0,74.0,3,2017-05-25
92.0,99.0,69.0,3,2017-05-07
106.0,103.0,71.0,3,2017-05-23
100.0,99.0,76.0,3,2017-05-08
95.0,88.0,69.0,3,2017-04-15
98.0,103.0,84.0,3,2017-05-31
81.0,94.0,77.0,3,2017-05-14
88.0,92.0,82.0,3,2017-05-19
83.0,90.0,74.0,3,2017-05-13
90.0,99.0,79.0,3,2017-05-26
93.0,100.0,73.0,3,2017-06-01
83.0,97.0,71.0,3,2017-05-18
93.0,97.0,73.0,3,2017-03-13
73.0,84.0,67.0,3,2017-06-02
70.0,65.0,51.0,3,2017-05-20
103.0,94.0,73.0,3,2017-06-05
74.0,86.0,65.0,3,2017-06-07
75.0,89.0,74.0,3,2017-06-09
78.0,87.0,61.0,3,2017-06-04
75.0,87.0,59.0,3,2017-06-11
99.0,100.0,81.0,3,2017-06-06
96.0,101.0,77.0,3,2017-05-30
78.0,88.0,68.0,3,2017-05-24
96.0,103.0,68.0,3,2017-06-08
107.0,115.0,82.0,3,2017-05-27
74.0,94.0,66.0,3,2017-06-16
95.0,106.0,80.0,3,2017-06-12
78.0,78.0,66.0,3,2017-04-01
79.0,82.0,67.0,3,2017-06-03
67.0,82.0,55.0,3,2017-06-13
91.0,108.0,81.0,3,2017-06-20
97.0,102.0,77.0,3,2017-05-29
103.0,101.0,75.0,3,2017-06-25
99.0,102.0,80.0,3,2017-06-28
79.0,89.0,67.0,3,2017-06-30
81.0,90.0,67.0,3,2017-06-27
76.0,83.0,59.0,3,2017-06-21
73.0,81.0,64.0,3,2017-06-26
98.0,110.0,80.0,3,2017-06-19
97.0,103.0,80.0,3,2017-06-29
87.0,96.0,70.0,3,2017-07-05
83.0,88.0,73.0,3,2017-07-01
78.0,91.0,65.0,3,2017-07-06
70.0,77.0,53.0,3,2017-04-25
92.0,94.0,66.0,3,2017-07-10
84.0,98.0,72.0,3,2017-07-08
89.0,96.0,77.0,3,2017-06-17
71.0,89.0,69.0,3,2017-06-18
90.0,99.0,77.0,3,2017-07-07
88.0,99.0,75.0,3,2017-06-10
79.0,76.0,60.0,3,2017-06-22
77.0,80.0,68.0,3,2017-06-15
91.0,84.0,68.0,3,2017-07-13
94.0,98.0,83.0,3,2017-06-23
84.0,91.0,67.0,3,2017-07-15
87.0,89.0,73.0,3,2017-07-18
70.0,74.0,67.0,3,2017-07-11
70.0,84.0,64.0,3,2017-07-17
74.0,88.0,67.0,3,2017-04-02
96.0,96.0,75.0,3,2017-07-19
114.0,104.0,89.0,3,2017-07-02
96.0,103.0,67.0,3,2017-06-24
98.0,103.0,84.0,3,2017-07-23
84.0,94.0,79.0,3,2017-07-12
85.0,82.0,70.0,3,2017-07-03
85.0,85.0,73.0,3,2017-07-09
102.0,108.0,84.0,3,2017-06-14
103.0,119.0,86.0,3,2017-07-28
107.0,112.0,83.0,3,2017-07-24
84.0,94.0,72.0,3,2017-05-28
90.0,86.0,69.0,3,2017-07-31
89.0,109.0,83.0,3,2017-07-29
89.0,97.0,69.0,3,2017-07-04
97.0,107.0,80.0,3,2017-07-26
101.0,105.0,88.0,3,2017-07-20
95.0,96.0,77.0,3,2017-07-25
99.0,104.0,78.0,3,2017-07-16
72.0,91.0,61.0,3,2017-08-02
94.0,110.0,80.0,3,2017-08-10
106.0,113.0,89.0,3,2017-08-13
86.0,99.0,83.0,3,2017-08-14
94.0,106.0,81.0,3,2017-08-01
86.0,106.0,68.0,3,2017-07-30
106.0,107.0,79.0,3,2017-08-08
92.0,98.0,71.0,3,2017-08-09
91.0,88.0,71.0,3,2017-07-22
83.0,100.0,74.0,3,2017-08-17
104.0,111.0,83.0,3,2017-08-15
110.0,112.0,82.0,3,2017-08-04
95.0,108.0,82.0,3,2017-08-05
103.0,117.0,89.0,3,2017-07-27
98.0,103.0,79.0,3,2017-07-14
90.0,87.0,73.0,3,2017-08-07
107.0,115.0,78.0,3,2017-08-19
114.0,117.0,94.0,3,2017-08-26
109.0,124.0,95.0,3,2017-08-23
101.0,111.0,76.0,3,2017-08-21
108.0,116.0,91.0,3,2017-08-18
108.0,120.0,85.0,3,2017-08-25
117.0,129.0,100.0,3,2017-08-29
97.0,100.0,85.0,3,2017-08-03
101.0,111.0,83.0,3,2017-07-21
102.0,118.0,93.0,3,2017-08-20
120.0,129.0,100.0,3,2017-08-30
100.0,99.0,82.0,3,2017-08-24
114.0,116.0,92.0,3,2017-08-06
91.0,115.0,89.0,3,2017-08-11
112.0,115.0,91.0,3,2017-08-12
117.0,119.0,91.0,3,2017-08-16
110.0,125.0,98.0,3,2017-08-22
119.0,129.0,100.0,3,2017-08-27
118.0,129.0,100.0,3,2017-08-28
129.0,129.0,100.0,3,2017-08-31
84.0,81.0,61.0,4,2016-10-31
96.0,95.0,74.0,4,2016-11-04
93.0,95.0,81.0,4,2016-11-07
91.0,94.0,71.0,4,2016-11-14
78.0,60.0,47.0,4,2016-11-13
90.0,95.0,64.0,4,2016-11-10
85.0,91.0,68.0,4,2016-10-30
91.0,95.0,70.0,4,2016-11-15
77.0,61.0,43.0,4,2016-11-21
105.0,104.0,67.0,4,2016-11-03
105.0,96.0,73.0,4,2016-11-11
74.0,88.0,65.0,4,2016-11-16
83.0,71.0,58.0,4,2016-11-09
97.0,82.0,62.0,4,2016-11-12
94.0,89.0,70.0,4,2016-11-19
97.0,95.0,79.0,4,2016-11-28
88.0,84.0,68.0,4,2016-11-30
92.0,80.0,69.0,4,2016-11-24
95.0,90.0,70.0,4,2016-11-17
70.0,50.0,36.0,4,2016-12-02
79.0,90.0,59.0,4,2016-12-05
82.0,55.0,43.0,4,2016-11-02
83.0,85.0,69.0,4,2016-11-22
94.0,88.0,72.0,4,2016-12-06
84.0,57.0,44.0,4,2016-12-07
79.0,56.0,58.0,4,2016-12-12
77.0,67.0,61.0,4,2016-12-14
91.0,86.0,75.0,4,2016-11-01
92.0,95.0,68.0,4,2016-11-23
92.0,97.0,78.0,4,2016-12-01
78.0,88.0,60.0,4,2016-11-08
96.0,103.0,75.0,4,2016-11-29
93.0,54.0,53.0,4,2016-12-13
105.0,94.0,78.0,4,2016-12-03
77.0,86.0,65.0,4,2016-12-19
94.0,93.0,67.0,4,2016-12-16
73.0,61.0,47.0,4,2016-12-21
79.0,85.0,69.0,4,2016-12-15
91.0,81.0,70.0,4,2016-12-20
88.0,77.0,64.0,4,2016-12-11
82.0,90.0,72.0,4,2016-12-18
65.0,54.0,33.0,4,2016-12-09
81.0,84.0,57.0,4,2016-12-10
98.0,105.0,70.0,4,2016-12-28
75.0,85.0,62.0,4,2016-11-06
94.0,83.0,64.0,4,2016-11-27
99.0,98.0,75.0,4,2016-11-18
99.0,75.0,67.0,4,2016-11-20
93.0,80.0,67.0,4,2016-12-29
97.0,88.0,72.0,4,2017-01-01
80.0,75.0,56.0,4,2016-12-26
85.0,97.0,73.0,4,2017-01-04
92.0,97.0,70.0,4,2016-12-23
90.0,103.0,85.0,4,2016-11-26
93.0,77.0,64.0,4,2017-01-10
90.0,86.0,75.0,4,2017-01-11
71.0,82.0,63.0,4,2017-01-09
94.0,72.0,55.0,4,2017-01-06
99.0,88.0,70.0,4,2017-01-03
75.0,68.0,46.0,4,2016-12-27
102.0,104.0,69.0,4,2016-12-30
93.0,90.0,66.0,4,2017-01-16
89.0,87.0,75.0,4,2017-01-12
97.0,94.0,70.0,4,2017-01-17
88.0,83.0,66.0,4,2016-12-04
96.0,81.0,64.0,4,2017-01-07
74.0,89.0,66.0,4,2017-01-15
92.0,57.0,53.0,4,2017-01-18
111.0,102.0,85.0,4,2017-01-25
77.0,69.0,53.0,4,2016-12-31
83.0,97.0,71.0,4,2017-01-26
100.0,83.0,68.0,4,2017-01-19
92.0,66.0,60.0,4,2017-01-24
74.0,67.0,64.0,4,2017-01-23
86.0,84.0,64.0,4,2017-01-13
82.0,80.0,58.0,4,2016-12-25
88.0,102.0,83.0,4,2017-01-21
92.0,102.0,81.0,4,2017-02-01
67.0,50.0,38.0,4,2017-02-02
95.0,72.0,55.0,4,2017-01-31
87.0,90.0,70.0,4,2017-02-04
86.0,64.0,49.0,4,2017-02-03
86.0,65.0,54.0,4,2017-02-06
90.0,89.0,67.0,4,2017-01-02
85.0,89.0,71.0,4,2016-11-05
85.0,75.0,64.0,4,2017-01-28
90.0,80.0,66.0,4,2017-01-08
104.0,92.0,68.0,4,2017-01-22
85.0,77.0,68.0,4,2016-12-17
65.0,19.0,16.0,4,2016-11-25
101.0,90.0,70.0,4,2017-01-27
96.0,92.0,67.0,4,2017-02-11
93.0,79.0,65.0,4,2017-02-10
92.0,74.0,47.0,4,2017-01-20
85.0,80.0,68.0,4,2017-02-12
101.0,96.0,69.0,4,2017-01-14
84.0,81.0,61.0,4,2017-02-13
89.0,81.0,71.0,4,2016-12-22
94.0,97.0,76.0,4,2017-02-17
71.0,71.0,64.0,4,2016-12-08
87.0,101.0,88.0,4,2017-02-14
102.0,110.0,75.0,4,2017-02-19
99.0,93.0,61.0,4,2017-02-20
80.0,71.0,47.0,4,2017-02-15
92.0,96.0,71.0,4,2017-02-18
85.0,93.0,74.0,4,2017-02-22
94.0,99.0,82.0,4,2017-02-23
101.0,105.0,84.0,4,2017-01-30
89.0,87.0,68.0,4,2017-02-07
101.0,99.0,82.0,4,2017-01-05
79.0,72.0,59.0,4,2017-02-09
100.0,100.0,77.0,4,2017-02-25
92.0,88.0,66.0,4,2017-02-28
91.0,88.0,70.0,4,2017-02-26
89.0,76.0,67.0,4,2017-02-21
85.0,92.0,76.0,4,2017-02-24
95.0,95.0,79.0,4,2017-02-08
91.0,97.0,70.0,4,2017-02-16
94.0,89.0,77.0,4,2017-01-29
79.0,86.0,68.0,4,2017-03-02
97.0,98.0,76.0,4,2017-03-01
96.0,92.0,76.0,4,2017-03-03
78.0,89.0,67.0,4,2017-03-06
99.0,92.0,73.0,4,2017-03-09
82.0,72.0,68.0,4,2017-03-10
91.0,98.0,67.0,4,2017-03-14
78.0,84.0,70.0,4,2017-03-04
104.0,108.0,82.0,4,2017-03-16
97.0,98.0,76.0,4,2017-03-07
85.0,96.0,78.0,4,2017-03-08
77.0,88.0,63.0,4,2017-03-12
96.0,88.0,66.0,4,2017-03-15
79.0,81.0,65.0,4,2017-03-21
95.0,103.0,71.0,4,2017-03-28
97.0,87.0,75.0,4,2017-03-29
86.0,87.0,73.0,4,2017-03-31
76.0,91.0,64.0,4,2017-02-27
94.0,86.0,71.0,4,2017-03-24
71.0,68.0,57.0,4,2017-03-22
89.0,98.0,75.0,4,2017-03-30
93.0,101.0,69.0,4,2017-02-05
97.0,96.0,79.0,4,2017-04-04
86.0,90.0,75.0,4,2017-03-27
100.0,114.0,88.0,4,2017-03-05
95.0,85.0,64.0,4,2017-04-07
90.0,86.0,69.0,4,2017-04-06
89.0,83.0,63.0,4,2017-03-11
85.0,75.0,63.0,4,2017-03-20
89.0,99.0,74.0,4,2017-03-17
82.0,76.0,50.0,4,2017-03-19
76.0,74.0,69.0,4,2017-03-18
94.0,97.0,69.0,4,2016-12-24
73.0,83.0,59.0,4,2017-04-12
80.0,85.0,70.0,4,2017-04-05
96.0,92.0,71.0,4,2017-03-23
88.0,85.0,60.0,4,2017-03-25
93.0,91.0,69.0,4,2017-04-10
96.0,107.0,77.0,4,2017-04-13
74.0,81.0,56.0,4,2017-04-19
87.0,98.0,86.0,4,2017-04-17
85.0,77.0,65.0,4,2017-04-20
110.0,111.0,86.0,4,2017-04-27
92.0,95.0,80.0,4,2017-04-18
85.0,98.0,72.0,4,2017-04-11
71.0,75.0,53.0,4,2017-04-24
96.0,97.0,69.0,4,2017-04-03
92.0,103.0,67.0,4,2017-04-08
101.0,108.0,78.0,4,2017-04-23
91.0,89.0,81.0,4,2017-03-26
76.0,79.0,65.0,4,2017-04-14
76.0,77.0,58.0,4,2017-04-16
97.0,98.0,73.0,4,2017-04-09
81.0,76.0,59.0,4,2017-05-04
82.0,79.0,71.0,4,2017-04-30
69.0,71.0,58.0,4,2017-04-21
95.0,96.0,77.0,4,2017-04-29
79.0,93.0,77.0,4,2017-05-06
79.0,89.0,70.0,4,2017-05-02
76.0,79.0,58.0,4,2017-04-26
93.0,91.0,73.0,4,2017-05-11
93.0,99.0,72.0,4,2017-04-28
82.0,93.0,66.0,4,2017-05-01
85.0,93.0,71.0,4,2017-05-03
81.0,80.0,72.0,4,2017-05-12
77.0,84.0,67.0,4,2017-04-22
78.0,73.0,70.0,4,2017-05-05
82.0,96.0,64.0,4,2017-05-17
80.0,80.0,68.0,4,2017-05-10
78.0,66.0,51.0,4,2017-05-15
91.0,92.0,72.0,4,2017-05-22
95.0,79.0,71.0,4,2017-05-09
90.0,94.0,71.0,4,2017-05-21
85.0,92.0,77.0,4,2017-05-16
79.0,100.0,77.0,4,2017-05-25
83.0,91.0,65.0,4,2017-05-07
97.0,95.0,75.0,4,2017-05-23
105.0,104.0,74.0,4,2017-05-08
91.0,94.0,68.0,4,2017-04-15
98.0,105.0,82.0,4,2017-05-31
100.0,88.0,76.0,4,2017-05-14
84.0,109.0,80.0,4,2017-05-19
83.0,85.0,77.0,4,2017-05-13
90.0,85.0,70.0,4,2017-05-26
97.0,105.0,75.0,4,2017-06-01
85.0,89.0,75.0,4,2017-05-18
97.0,101.0,69.0,4,2017-03-13
71.0,81.0,62.0,4,2017-06-02
65.0,68.0,52.0,4,2017-05-20
94.0,101.0,80.0,4,2017-06-05
76.0,79.0,63.0,4,2017-06-07
82.0,89.0,63.0,4,2017-06-09
75.0,80.0,64.0,4,2017-06-04
76.0,82.0,60.0,4,2017-06-11
107.0,105.0,84.0,4,2017-06-06
100.0,99.0,84.0,4,2017-05-30
83.0,81.0,70.0,4,2017-05-24
92.0,103.0,79.0,4,2017-06-08
93.0,109.0,82.0,4,2017-05-27
81.0,82.0,76.0,4,2017-06-16
95.0,106.0,77.0,4,2017-06-12
85.0,73.0,69.0,4,2017-04-01
75.0,74.0,70.0,4,2017-06-03
74.0,72.0,59.0,4,2017-06-13
89.0,104.0,82.0,4,2017-06-20
99.0,100.0,81.0,4,2017-05-29
88.0,89.0,74.0,4,2017-06-25
97.0,103.0,72.0,4,2017-06-28
88.0,97.0,61.0,4,2017-06-30
82.0,82.0,67.0,4,2017-06-27
82.0,80.0,60.0,4,2017-06-21
77.0,80.0,68.0,4,2017-06-26
102.0,102.0,71.0,4,2017-06-19
92.0,103.0,75.0,4,2017-06-29
91.0,89.0,68.0,4,2017-07-05
94.0,90.0,74.0,4,2017-07-01
69.0,76.0,60.0,4,2017-07-06
72.0,83.0,60.0,4,2017-04-25
96.0,89.0,70.0,4,2017-07-10
90.0,109.0,75.0,4,2017-07-08
82.0,81.0,77.0,4,2017-06-17
79.0,90.0,62.0,4,2017-06-18
89.0,99.0,82.0,4,2017-07-07
92.0,97.0,77.0,4,2017-06-10
73.0,73.0,64.0,4,2017-06-22
82.0,86.0,61.0,4,2017-06-15
83.0,84.0,62.0,4,2017-07-13
87.0,105.0,79.0,4,2017-06-23
80.0,84.0,64.0,4,2017-07-15
90.0,99.0,74.0,4,2017-07-18
74.0,79.0,53.0,4,2017-07-11
68.0,82.0,64.0,4,2017-07-17
82.0,77.0,57.0,4,2017-04-02
90.0,98.0,81.0,4,2017-07-19
105.0,111.0,90.0,4,2017-07-02
87.0,88.0,73.0,4,2017-06-24
98.0,105.0,89.0,4,2017-07-23
84.0,94.0,62.0,4,2017-07-12
86.0,96.0,76.0,4,2017-07-03
85.0,90.0,72.0,4,2017-07-09
109.0,110.0,82.0,4,2017-06-14
98.0,111.0,89.0,4,2017-07-28
99.0,112.0,75.0,4,2017-07-24
71.0,96.0,70.0,4,2017-05-28
83.0,83.0,65.0,4,2017-07-31
104.0,101.0,84.0,4,2017-07-29
97.0,86.0,73.0,4,2017-07-04
97.0,101.0,82.0,4,2017-07-26
104.0,105.0,78.0,4,2017-07-20
97.0,103.0,79.0,4,2017-07-25
101.0,103.0,82.0,4,2017-07-16
80.0,82.0,68.0,4,2017-08-02
99.0,105.0,84.0,4,2017-08-10
112.0,113.0,95.0,4,2017-08-13
86.0,103.0,81.0,4,2017-08-14
97.0,111.0,83.0,4,2017-08-01
86.0,89.0,73.0,4,2017-07-30
104.0,104.0,82.0,4,2017-08-08
83.0,89.0,70.0,4,2017-08-09
88.0,88.0,66.0,4,2017-07-22
90.0,93.0,79.0,4,2017-08-17
102.0,106.0,88.0,4,2017-08-15
106.0,104.0,91.0,4,2017-08-04
103.0,106.0,86.0,4,2017-08-05
109.0,106.0,93.0,4,2017-07-27
95.0,95.0,80.0,4,2017-07-14
81.0,90.0,70.0,4,2017-08-07
100.0,110.0,84.0,4,2017-08-19
112.0,117.0,93.0,4,2017-08-26
113.0,124.0,95.0,4,2017-08-23
103.0,108.0,86.0,4,2017-08-21
111.0,116.0,83.0,4,2017-08-18
107.0,119.0,89.0,4,2017-08-25
117.0,129.0,100.0,4,2017-08-29
103.0,109.0,89.0,4,2017-08-03
106.0,104.0,83.0,4,2017-07-21
106.0,115.0,91.0,4,2017-08-20
119.0,129.0,100.0,4,2017-08-30
99.0,102.0,80.0,4,2017-08-24
106.0,119.0,88.0,4,2017-08-06
92.0,107.0,85.0,4,2017-08-11
109.0,116.0,87.0,4,2017-08-12
117.0,115.0,91.0,4,2017-08-16
109.0,128.0,96.0,4,2017-08-22
120.0,129.0,100.0,4,2017-08-27
118.0,129.0,100.0,4,2017-08-28
129.0,129.0,100.0,4,2017-08-31
